"group.size","var","med","q25","q75"
50,"effect.casi",-0.46,-1.5,0.680499999999999
100,"effect.casi",-0.47,-1.24,0.26025
150,"effect.casi",-0.473333333333333,-1.1,0.166666666666667
200,"effect.casi",-0.49,-1.06,0.065125
250,"effect.casi",-0.488,-0.992,-0.00770000000000028
500,"effect.casi",-0.478,-0.8301,-0.13
1000,"effect.casi",-0.4865,-0.718025,-0.225975
